{
    "status": "OK",
    "data": {
        "name": "Alvaro Leonardo Gomes",
        "year": 2004,
        "month": 4,
        "day": 1,
        "hour": 18,
        "minute": 39,
        "city": "maceio",
        "nation": "brasil",
        "lng": -35.7339264,
        "lat": -9.6476843,
        "tz_str": "UTC",
        "zodiac_type": "Tropic",
        "sidereal_mode": null,
        "houses_system_identifier": "P",
        "houses_system_name": "Placidus",
        "perspective_type": "Apparent Geocentric",
        "iso_formatted_local_datetime": "2004-04-01T18:39:00+00:00",
        "iso_formatted_utc_datetime": "2004-04-01T18:39:00+00:00",
        "julian_day": 2450540.277083333,
        "utc_time": 18.65,
        "local_time": 18.65,
        "sun": {
            "name": "Sun",
            "quality": "Cardinal",
            "element": "Fire",
            "sign": "Ari",
            "sign_num": 0,
            "position": 12.071002983081414,
            "abs_pos": 12.071002983081414,
            "emoji": "♈️",
            "point_type": "Planet",
            "house": "Seventh_House",
            "retrograde": false
        },
        "moon": {
            "name": "Moon",
            "quality": "Cardinal",
            "element": "Earth",
            "sign": "Cap",
            "sign_num": 9,
            "position": 24.489046698701316,
            "abs_pos": 294.4890466987013,
            "emoji": "♑️",
            "point_type": "Planet",
            "house": "Fifth_House",
            "retrograde": false
        },
        "mercury": {
            "name": "Mercury",
            "quality": "Fixed",
            "element": "Earth",
            "sign": "Tau",
            "sign_num": 1,
            "position": 0.2829651797868209,
            "abs_pos": 30.28296517978682,
            "emoji": "♉️",
            "point_type": "Planet",
            "house": "Eighth_House",
            "retrograde": false
        },
        "venus": {
            "name": "Venus",
            "quality": "Cardinal",
            "element": "Fire",
            "sign": "Ari",
            "sign_num": 0,
            "position": 11.867816007722602,
            "abs_pos": 11.867816007722602,
            "emoji": "♈️",
            "point_type": "Planet",
            "house": "Seventh_House",
            "retrograde": false
        },
        "mars": {
            "name": "Mars",
            "quality": "Mutable",
            "element": "Earth",
            "sign": "Vir",
            "sign_num": 5,
            "position": 21.06222466793605,
            "abs_pos": 171.06222466793605,
            "emoji": "♍️",
            "point_type": "Planet",
            "house": "First_House",
            "retrograde": true
        },
        "jupiter": {
            "name": "Jupiter",
            "quality": "Fixed",
            "element": "Air",
            "sign": "Aqu",
            "sign_num": 10,
            "position": 15.149222740957725,
            "abs_pos": 315.1492227409577,
            "emoji": "♒️",
            "point_type": "Planet",
            "house": "Sixth_House",
            "retrograde": false
        },
        "saturn": {
            "name": "Saturn",
            "quality": "Cardinal",
            "element": "Fire",
            "sign": "Ari",
            "sign_num": 0,
            "position": 10.48047090131017,
            "abs_pos": 10.48047090131017,
            "emoji": "♈️",
            "point_type": "Planet",
            "house": "Seventh_House",
            "retrograde": false
        },
        "uranus": {
            "name": "Uranus",
            "quality": "Fixed",
            "element": "Air",
            "sign": "Aqu",
            "sign_num": 10,
            "position": 7.97469158140666,
            "abs_pos": 307.97469158140666,
            "emoji": "♒️",
            "point_type": "Planet",
            "house": "Fifth_House",
            "retrograde": false
        },
        "neptune": {
            "name": "Neptune",
            "quality": "Cardinal",
            "element": "Earth",
            "sign": "Cap",
            "sign_num": 9,
            "position": 29.70836344640287,
            "abs_pos": 299.70836344640287,
            "emoji": "♑️",
            "point_type": "Planet",
            "house": "Fifth_House",
            "retrograde": false
        },
        "pluto": {
            "name": "Pluto",
            "quality": "Mutable",
            "element": "Fire",
            "sign": "Sag",
            "sign_num": 8,
            "position": 5.439023396425853,
            "abs_pos": 245.43902339642585,
            "emoji": "♐️",
            "point_type": "Planet",
            "house": "Third_House",
            "retrograde": true
        },
        "chiron": {
            "name": "Chiron",
            "quality": "Fixed",
            "element": "Water",
            "sign": "Sco",
            "sign_num": 7,
            "position": 0.2115003498373369,
            "abs_pos": 210.21150034983734,
            "emoji": "♏️",
            "point_type": "Planet",
            "house": "Second_House",
            "retrograde": true
        },
        "mean_lilith": {
            "name": "Mean_Lilith",
            "quality": "Mutable",
            "element": "Earth",
            "sign": "Vir",
            "sign_num": 5,
            "position": 1.516391791623164,
            "abs_pos": 151.51639179162316,
            "emoji": "♍️",
            "point_type": "Planet",
            "house": "Twelfth_House",
            "retrograde": false
        },
        "first_house": {
            "name": "First_House",
            "quality": "Mutable",
            "element": "Earth",
            "sign": "Vir",
            "sign_num": 5,
            "position": 11.500832136985792,
            "abs_pos": 161.5008321369858,
            "emoji": "♍️",
            "point_type": "House",
            "house": null,
            "retrograde": null
        },
        "second_house": {
            "name": "Second_House",
            "quality": "Cardinal",
            "element": "Air",
            "sign": "Lib",
            "sign_num": 6,
            "position": 16.170026823085635,
            "abs_pos": 196.17002682308564,
            "emoji": "♎️",
            "point_type": "House",
            "house": null,
            "retrograde": null
        },
        "third_house": {
            "name": "Third_House",
            "quality": "Fixed",
            "element": "Water",
            "sign": "Sco",
            "sign_num": 7,
            "position": 17.63569863765258,
            "abs_pos": 227.63569863765258,
            "emoji": "♏️",
            "point_type": "House",
            "house": null,
            "retrograde": null
        },
        "fourth_house": {
            "name": "Fourth_House",
            "quality": "Mutable",
            "element": "Fire",
            "sign": "Sag",
            "sign_num": 8,
            "position": 15.421745529390847,
            "abs_pos": 255.42174552939085,
            "emoji": "♐️",
            "point_type": "House",
            "house": null,
            "retrograde": null
        },
        "fifth_house": {
            "name": "Fifth_House",
            "quality": "Cardinal",
            "element": "Earth",
            "sign": "Cap",
            "sign_num": 9,
            "position": 11.775015162256977,
            "abs_pos": 281.775015162257,
            "emoji": "♑️",
            "point_type": "House",
            "house": null,
            "retrograde": null
        },
        "sixth_house": {
            "name": "Sixth_House",
            "quality": "Fixed",
            "element": "Air",
            "sign": "Aqu",
            "sign_num": 10,
            "position": 9.643504468102037,
            "abs_pos": 309.64350446810204,
            "emoji": "♒️",
            "point_type": "House",
            "house": null,
            "retrograde": null
        },
        "seventh_house": {
            "name": "Seventh_House",
            "quality": "Mutable",
            "element": "Water",
            "sign": "Pis",
            "sign_num": 11,
            "position": 11.500832136985764,
            "abs_pos": 341.50083213698576,
            "emoji": "♓️",
            "point_type": "House",
            "house": null,
            "retrograde": null
        },
        "eighth_house": {
            "name": "Eighth_House",
            "quality": "Cardinal",
            "element": "Fire",
            "sign": "Ari",
            "sign_num": 0,
            "position": 16.170026823085664,
            "abs_pos": 16.170026823085664,
            "emoji": "♈️",
            "point_type": "House",
            "house": null,
            "retrograde": null
        },
        "ninth_house": {
            "name": "Ninth_House",
            "quality": "Fixed",
            "element": "Earth",
            "sign": "Tau",
            "sign_num": 1,
            "position": 17.63569863765258,
            "abs_pos": 47.63569863765258,
            "emoji": "♉️",
            "point_type": "House",
            "house": null,
            "retrograde": null
        },
        "tenth_house": {
            "name": "Tenth_House",
            "quality": "Mutable",
            "element": "Air",
            "sign": "Gem",
            "sign_num": 2,
            "position": 15.421745529390847,
            "abs_pos": 75.42174552939085,
            "emoji": "♊️",
            "point_type": "House",
            "house": null,
            "retrograde": null
        },
        "eleventh_house": {
            "name": "Eleventh_House",
            "quality": "Cardinal",
            "element": "Water",
            "sign": "Can",
            "sign_num": 3,
            "position": 11.775015162256963,
            "abs_pos": 101.77501516225696,
            "emoji": "♋️",
            "point_type": "House",
            "house": null,
            "retrograde": null
        },
        "twelfth_house": {
            "name": "Twelfth_House",
            "quality": "Fixed",
            "element": "Fire",
            "sign": "Leo",
            "sign_num": 4,
            "position": 9.643504468102066,
            "abs_pos": 129.64350446810207,
            "emoji": "♌️",
            "point_type": "House",
            "house": null,
            "retrograde": null
        },
        "mean_node": {
            "name": "Mean_Node",
            "quality": "Mutable",
            "element": "Earth",
            "sign": "Vir",
            "sign_num": 5,
            "position": 28.24819155640148,
            "abs_pos": 178.24819155640148,
            "emoji": "♍️",
            "point_type": "Planet",
            "house": "First_House",
            "retrograde": true
        },
        "true_node": {
            "name": "True_Node",
            "quality": "Mutable",
            "element": "Earth",
            "sign": "Vir",
            "sign_num": 5,
            "position": 28.666361713472213,
            "abs_pos": 178.6663617134722,
            "emoji": "♍️",
            "point_type": "Planet",
            "house": "First_House",
            "retrograde": false
        },
        "mean_south_node": {
            "name": "Mean_South_Node",
            "quality": "Mutable",
            "element": "Water",
            "sign": "Pis",
            "sign_num": 11,
            "position": 28.24819155640148,
            "abs_pos": 358.2481915564015,
            "emoji": "♓️",
            "point_type": "Planet",
            "house": "Seventh_House",
            "retrograde": true
        },
        "true_south_node": {
            "name": "True_South_Node",
            "quality": "Mutable",
            "element": "Water",
            "sign": "Pis",
            "sign_num": 11,
            "position": 28.666361713472213,
            "abs_pos": 358.6663617134722,
            "emoji": "♓️",
            "point_type": "Planet",
            "house": "Seventh_House",
            "retrograde": false
        },
        "lunar_phase": {
            "degrees_between_s_m": 282.4180437156199,
            "moon_phase": 22,
            "sun_phase": 22,
            "moon_emoji": "🌗",
            "moon_phase_name": "Last Quarter"
        },
        "planets_names_list": [
            "Sun",
            "Moon",
            "Mercury",
            "Venus",
            "Mars",
            "Jupiter",
            "Saturn",
            "Uranus",
            "Neptune",
            "Pluto",
            "Mean_Node",
            "True_Node",
            "Mean_South_Node",
            "True_South_Node",
            "Chiron",
            "Mean_Lilith"
        ],
        "houses_names_list": [
            "First_House",
            "Second_House",
            "Third_House",
            "Fourth_House",
            "Fifth_House",
            "Sixth_House",
            "Seventh_House",
            "Eighth_House",
            "Ninth_House",
            "Tenth_House",
            "Eleventh_House",
            "Twelfth_House"
        ]
    },
    "aspects": [
        {
            "p1_name": "Sun",
            "p1_abs_pos": 12.071002983081414,
            "p2_name": "Venus",
            "p2_abs_pos": 11.867816007722602,
            "aspect": "conjunction",
            "orbit": 0.20318697535881114,
            "aspect_degrees": 0,
            "aid": 0,
            "diff": 0.20318697535881114,
            "p1": 0,
            "p2": 3,
            "is_major": true
        },
        {
            "p1_name": "Sun",
            "p1_abs_pos": 12.071002983081414,
            "p2_name": "Jupiter",
            "p2_abs_pos": 315.1492227409577,
            "aspect": "sextile",
            "orbit": -3.0782197578762975,
            "aspect_degrees": 60,
            "aid": 3,
            "diff": 303.0782197578763,
            "p1": 0,
            "p2": 5,
            "is_major": true
        },
        {
            "p1_name": "Sun",
            "p1_abs_pos": 12.071002983081414,
            "p2_name": "Saturn",
            "p2_abs_pos": 10.48047090131017,
            "aspect": "conjunction",
            "orbit": 1.5905320817712436,
            "aspect_degrees": 0,
            "aid": 0,
            "diff": 1.5905320817712436,
            "p1": 0,
            "p2": 6,
            "is_major": true
        },
        {
            "p1_name": "Sun",
            "p1_abs_pos": 12.071002983081414,
            "p2_name": "Uranus",
            "p2_abs_pos": 307.97469158140666,
            "aspect": "sextile",
            "orbit": 4.096311401674768,
            "aspect_degrees": 60,
            "aid": 3,
            "diff": 295.90368859832523,
            "p1": 0,
            "p2": 7,
            "is_major": true
        },
        {
            "p1_name": "Sun",
            "p1_abs_pos": 12.071002983081414,
            "p2_name": "Neptune",
            "p2_abs_pos": 299.70836344640287,
            "aspect": "quintile",
            "orbit": 0.3626395366785573,
            "aspect_degrees": 72,
            "aid": 4,
            "diff": 287.63736046332144,
            "p1": 0,
            "p2": 8,
            "is_major": false
        },
        {
            "p1_name": "Sun",
            "p1_abs_pos": 12.071002983081414,
            "p2_name": "Pluto",
            "p2_abs_pos": 245.43902339642585,
            "aspect": "trine",
            "orbit": 6.631979586655575,
            "aspect_degrees": 120,
            "aid": 6,
            "diff": 233.36802041334442,
            "p1": 0,
            "p2": 9,
            "is_major": true
        },
        {
            "p1_name": "Moon",
            "p1_abs_pos": 294.4890466987013,
            "p2_name": "Mercury",
            "p2_abs_pos": 30.28296517978682,
            "aspect": "square",
            "orbit": 5.793918481085484,
            "aspect_degrees": 90,
            "aid": 5,
            "diff": 264.2060815189145,
            "p1": 1,
            "p2": 2,
            "is_major": true
        },
        {
            "p1_name": "Moon",
            "p1_abs_pos": 294.4890466987013,
            "p2_name": "Mars",
            "p2_abs_pos": 171.06222466793605,
            "aspect": "trine",
            "orbit": 3.4268220307652655,
            "aspect_degrees": 120,
            "aid": 6,
            "diff": 123.42682203076527,
            "p1": 1,
            "p2": 4,
            "is_major": true
        },
        {
            "p1_name": "Moon",
            "p1_abs_pos": 294.4890466987013,
            "p2_name": "Neptune",
            "p2_abs_pos": 299.70836344640287,
            "aspect": "conjunction",
            "orbit": 5.219316747701555,
            "aspect_degrees": 0,
            "aid": 0,
            "diff": 5.219316747701555,
            "p1": 1,
            "p2": 8,
            "is_major": true
        },
        {
            "p1_name": "Moon",
            "p1_abs_pos": 294.4890466987013,
            "p2_name": "Mean_Node",
            "p2_abs_pos": 178.24819155640148,
            "aspect": "trine",
            "orbit": -3.7591448577001643,
            "aspect_degrees": 120,
            "aid": 6,
            "diff": 116.24085514229984,
            "p1": 1,
            "p2": 10,
            "is_major": true
        },
        {
            "p1_name": "Moon",
            "p1_abs_pos": 294.4890466987013,
            "p2_name": "Mean_South_Node",
            "p2_abs_pos": 358.2481915564015,
            "aspect": "sextile",
            "orbit": 3.7591448577001643,
            "aspect_degrees": 60,
            "aid": 3,
            "diff": 63.759144857700164,
            "p1": 1,
            "p2": 18,
            "is_major": true
        },
        {
            "p1_name": "Mercury",
            "p1_abs_pos": 30.28296517978682,
            "p2_name": "Neptune",
            "p2_abs_pos": 299.70836344640287,
            "aspect": "square",
            "orbit": 0.5746017333839291,
            "aspect_degrees": 90,
            "aid": 5,
            "diff": 269.42539826661607,
            "p1": 2,
            "p2": 8,
            "is_major": true
        },
        {
            "p1_name": "Mercury",
            "p1_abs_pos": 30.28296517978682,
            "p2_name": "Chiron",
            "p2_abs_pos": 210.21150034983734,
            "aspect": "opposition",
            "orbit": -0.0714648299494911,
            "aspect_degrees": 180,
            "aid": 10,
            "diff": 179.9285351700505,
            "p1": 2,
            "p2": 12,
            "is_major": true
        },
        {
            "p1_name": "Mercury",
            "p1_abs_pos": 30.28296517978682,
            "p2_name": "Mean_Lilith",
            "p2_abs_pos": 151.51639179162316,
            "aspect": "trine",
            "orbit": 1.233426611836336,
            "aspect_degrees": 120,
            "aid": 6,
            "diff": 121.23342661183634,
            "p1": 2,
            "p2": 17,
            "is_major": true
        },
        {
            "p1_name": "Venus",
            "p1_abs_pos": 11.867816007722602,
            "p2_name": "Jupiter",
            "p2_abs_pos": 315.1492227409577,
            "aspect": "sextile",
            "orbit": -3.281406733235144,
            "aspect_degrees": 60,
            "aid": 3,
            "diff": 303.28140673323514,
            "p1": 3,
            "p2": 5,
            "is_major": true
        },
        {
            "p1_name": "Venus",
            "p1_abs_pos": 11.867816007722602,
            "p2_name": "Saturn",
            "p2_abs_pos": 10.48047090131017,
            "aspect": "conjunction",
            "orbit": 1.3873451064124325,
            "aspect_degrees": 0,
            "aid": 0,
            "diff": 1.3873451064124325,
            "p1": 3,
            "p2": 6,
            "is_major": true
        },
        {
            "p1_name": "Venus",
            "p1_abs_pos": 11.867816007722602,
            "p2_name": "Uranus",
            "p2_abs_pos": 307.97469158140666,
            "aspect": "sextile",
            "orbit": 3.8931244263159215,
            "aspect_degrees": 60,
            "aid": 3,
            "diff": 296.1068755736841,
            "p1": 3,
            "p2": 7,
            "is_major": true
        },
        {
            "p1_name": "Venus",
            "p1_abs_pos": 11.867816007722602,
            "p2_name": "Neptune",
            "p2_abs_pos": 299.70836344640287,
            "aspect": "quintile",
            "orbit": 0.15945256131971064,
            "aspect_degrees": 72,
            "aid": 4,
            "diff": 287.8405474386803,
            "p1": 3,
            "p2": 8,
            "is_major": false
        },
        {
            "p1_name": "Venus",
            "p1_abs_pos": 11.867816007722602,
            "p2_name": "Pluto",
            "p2_abs_pos": 245.43902339642585,
            "aspect": "trine",
            "orbit": 6.428792611296757,
            "aspect_degrees": 120,
            "aid": 6,
            "diff": 233.57120738870324,
            "p1": 3,
            "p2": 9,
            "is_major": true
        },
        {
            "p1_name": "Mars",
            "p1_abs_pos": 171.06222466793605,
            "p2_name": "Neptune",
            "p2_abs_pos": 299.70836344640287,
            "aspect": "trine",
            "orbit": 8.64613877846682,
            "aspect_degrees": 120,
            "aid": 6,
            "diff": 128.64613877846682,
            "p1": 4,
            "p2": 8,
            "is_major": true
        },
        {
            "p1_name": "Mars",
            "p1_abs_pos": 171.06222466793605,
            "p2_name": "Mean_Node",
            "p2_abs_pos": 178.24819155640148,
            "aspect": "conjunction",
            "orbit": 7.18596688846543,
            "aspect_degrees": 0,
            "aid": 0,
            "diff": 7.18596688846543,
            "p1": 4,
            "p2": 10,
            "is_major": true
        },
        {
            "p1_name": "Mars",
            "p1_abs_pos": 171.06222466793605,
            "p2_name": "Mean_South_Node",
            "p2_abs_pos": 358.2481915564015,
            "aspect": "opposition",
            "orbit": -7.18596688846543,
            "aspect_degrees": 180,
            "aid": 10,
            "diff": 187.18596688846543,
            "p1": 4,
            "p2": 18,
            "is_major": true
        },
        {
            "p1_name": "Jupiter",
            "p1_abs_pos": 315.1492227409577,
            "p2_name": "Saturn",
            "p2_abs_pos": 10.48047090131017,
            "aspect": "sextile",
            "orbit": -4.668751839647541,
            "aspect_degrees": 60,
            "aid": 3,
            "diff": 304.66875183964754,
            "p1": 5,
            "p2": 6,
            "is_major": true
        },
        {
            "p1_name": "Jupiter",
            "p1_abs_pos": 315.1492227409577,
            "p2_name": "Uranus",
            "p2_abs_pos": 307.97469158140666,
            "aspect": "conjunction",
            "orbit": 7.174531159551066,
            "aspect_degrees": 0,
            "aid": 0,
            "diff": 7.174531159551066,
            "p1": 5,
            "p2": 7,
            "is_major": true
        },
        {
            "p1_name": "Jupiter",
            "p1_abs_pos": 315.1492227409577,
            "p2_name": "Tenth_House",
            "p2_abs_pos": 75.42174552939085,
            "aspect": "trine",
            "orbit": 0.27252278843312183,
            "aspect_degrees": 120,
            "aid": 6,
            "diff": 239.72747721156688,
            "p1": 5,
            "p2": 14,
            "is_major": true
        },
        {
            "p1_name": "Saturn",
            "p1_abs_pos": 10.48047090131017,
            "p2_name": "Uranus",
            "p2_abs_pos": 307.97469158140666,
            "aspect": "sextile",
            "orbit": 2.5057793199035245,
            "aspect_degrees": 60,
            "aid": 3,
            "diff": 297.4942206800965,
            "p1": 6,
            "p2": 7,
            "is_major": true
        },
        {
            "p1_name": "Saturn",
            "p1_abs_pos": 10.48047090131017,
            "p2_name": "Pluto",
            "p2_abs_pos": 245.43902339642585,
            "aspect": "trine",
            "orbit": 5.0414475048843315,
            "aspect_degrees": 120,
            "aid": 6,
            "diff": 234.95855249511567,
            "p1": 6,
            "p2": 9,
            "is_major": true
        },
        {
            "p1_name": "Uranus",
            "p1_abs_pos": 307.97469158140666,
            "p2_name": "Neptune",
            "p2_abs_pos": 299.70836344640287,
            "aspect": "conjunction",
            "orbit": 8.26632813500379,
            "aspect_degrees": 0,
            "aid": 0,
            "diff": 8.26632813500379,
            "p1": 7,
            "p2": 8,
            "is_major": true
        },
        {
            "p1_name": "Uranus",
            "p1_abs_pos": 307.97469158140666,
            "p2_name": "Pluto",
            "p2_abs_pos": 245.43902339642585,
            "aspect": "sextile",
            "orbit": 2.535668184980807,
            "aspect_degrees": 60,
            "aid": 3,
            "diff": 62.53566818498081,
            "p1": 7,
            "p2": 9,
            "is_major": true
        },
        {
            "p1_name": "Neptune",
            "p1_abs_pos": 299.70836344640287,
            "p2_name": "Pluto",
            "p2_abs_pos": 245.43902339642585,
            "aspect": "sextile",
            "orbit": -5.730659950022982,
            "aspect_degrees": 60,
            "aid": 3,
            "diff": 54.26934004997702,
            "p1": 8,
            "p2": 9,
            "is_major": true
        },
        {
            "p1_name": "Neptune",
            "p1_abs_pos": 299.70836344640287,
            "p2_name": "Mean_Node",
            "p2_abs_pos": 178.24819155640148,
            "aspect": "trine",
            "orbit": 1.4601718900013907,
            "aspect_degrees": 120,
            "aid": 6,
            "diff": 121.46017189000139,
            "p1": 8,
            "p2": 10,
            "is_major": true
        },
        {
            "p1_name": "Neptune",
            "p1_abs_pos": 299.70836344640287,
            "p2_name": "Chiron",
            "p2_abs_pos": 210.21150034983734,
            "aspect": "square",
            "orbit": -0.5031369034344664,
            "aspect_degrees": 90,
            "aid": 5,
            "diff": 89.49686309656553,
            "p1": 8,
            "p2": 12,
            "is_major": true
        },
        {
            "p1_name": "Neptune",
            "p1_abs_pos": 299.70836344640287,
            "p2_name": "Mean_South_Node",
            "p2_abs_pos": 358.2481915564015,
            "aspect": "sextile",
            "orbit": -1.4601718900013907,
            "aspect_degrees": 60,
            "aid": 3,
            "diff": 58.53982810999861,
            "p1": 8,
            "p2": 18,
            "is_major": true
        },
        {
            "p1_name": "Pluto",
            "p1_abs_pos": 245.43902339642585,
            "p2_name": "Mean_Lilith",
            "p2_abs_pos": 151.51639179162316,
            "aspect": "square",
            "orbit": 3.922631604802689,
            "aspect_degrees": 90,
            "aid": 5,
            "diff": 93.92263160480269,
            "p1": 9,
            "p2": 17,
            "is_major": true
        },
        {
            "p1_name": "Pluto",
            "p1_abs_pos": 245.43902339642585,
            "p2_name": "Mean_South_Node",
            "p2_abs_pos": 358.2481915564015,
            "aspect": "trine",
            "orbit": -7.190831840024373,
            "aspect_degrees": 120,
            "aid": 6,
            "diff": 112.80916815997563,
            "p1": 9,
            "p2": 18,
            "is_major": true
        },
        {
            "p1_name": "Chiron",
            "p1_abs_pos": 210.21150034983734,
            "p2_name": "Mean_Lilith",
            "p2_abs_pos": 151.51639179162316,
            "aspect": "sextile",
            "orbit": -1.304891441785827,
            "aspect_degrees": 60,
            "aid": 3,
            "diff": 58.69510855821417,
            "p1": 12,
            "p2": 17,
            "is_major": true
        }
    ]
}