{
    "status": "OK",
    "data": {
        "name": "alvaro",
        "year": 2004,
        "month": 4,
        "day": 1,
        "hour": 18,
        "minute": 0,
        "city": "maceio",
        "nation": "BR",
        "lng": -35.7339264,
        "lat": -9.6476843,
        "tz_str": "UTC",
        "zodiac_type": "Tropic",
        "sidereal_mode": null,
        "houses_system_identifier": "P",
        "houses_system_name": "Placidus",
        "perspective_type": "Apparent Geocentric",
        "iso_formatted_local_datetime": "2004-04-01T18:00:00+00:00",
        "iso_formatted_utc_datetime": "2004-04-01T18:00:00+00:00",
        "julian_day": 2453097.25,
        "utc_time": 18,
        "local_time": 18,
        "sun": {
            "name": "Sun",
            "quality": "Cardinal",
            "element": "Fire",
            "sign": "Ari",
            "sign_num": 0,
            "position": 12.342856427648483,
            "abs_pos": 12.342856427648483,
            "emoji": "♈️",
            "point_type": "Planet",
            "house": "Eighth_House",
            "retrograde": false
        },
        "moon": {
            "name": "Moon",
            "quality": "Fixed",
            "element": "Fire",
            "sign": "Leo",
            "sign_num": 4,
            "position": 25.231832151165577,
            "abs_pos": 145.23183215116558,
            "emoji": "♌️",
            "point_type": "Planet",
            "house": "Twelfth_House",
            "retrograde": false
        },
        "mercury": {
            "name": "Mercury",
            "quality": "Fixed",
            "element": "Earth",
            "sign": "Tau",
            "sign_num": 1,
            "position": 0.41181298055036564,
            "abs_pos": 30.411812980550366,
            "emoji": "♉️",
            "point_type": "Planet",
            "house": "Eighth_House",
            "retrograde": false
        },
        "venus": {
            "name": "Venus",
            "quality": "Fixed",
            "element": "Earth",
            "sign": "Tau",
            "sign_num": 1,
            "position": 28.216828959302994,
            "abs_pos": 58.216828959302994,
            "emoji": "♉️",
            "point_type": "Planet",
            "house": "Ninth_House",
            "retrograde": false
        },
        "mars": {
            "name": "Mars",
            "quality": "Mutable",
            "element": "Air",
            "sign": "Gem",
            "sign_num": 2,
            "position": 7.31813901590408,
            "abs_pos": 67.31813901590408,
            "emoji": "♊️",
            "point_type": "Planet",
            "house": "Tenth_House",
            "retrograde": false
        },
        "jupiter": {
            "name": "Jupiter",
            "quality": "Mutable",
            "element": "Earth",
            "sign": "Vir",
            "sign_num": 5,
            "position": 10.576558383950214,
            "abs_pos": 160.5765583839502,
            "emoji": "♍️",
            "point_type": "Planet",
            "house": "First_House",
            "retrograde": true
        },
        "saturn": {
            "name": "Saturn",
            "quality": "Cardinal",
            "element": "Water",
            "sign": "Can",
            "sign_num": 3,
            "position": 6.864739609301097,
            "abs_pos": 96.8647396093011,
            "emoji": "♋️",
            "point_type": "Planet",
            "house": "Eleventh_House",
            "retrograde": false
        },
        "uranus": {
            "name": "Uranus",
            "quality": "Mutable",
            "element": "Water",
            "sign": "Pis",
            "sign_num": 11,
            "position": 4.9481543798344205,
            "abs_pos": 334.9481543798344,
            "emoji": "♓️",
            "point_type": "Planet",
            "house": "Seventh_House",
            "retrograde": false
        },
        "neptune": {
            "name": "Neptune",
            "quality": "Fixed",
            "element": "Air",
            "sign": "Aqu",
            "sign_num": 10,
            "position": 14.832681769099509,
            "abs_pos": 314.8326817690995,
            "emoji": "♒️",
            "point_type": "Planet",
            "house": "Sixth_House",
            "retrograde": false
        },
        "pluto": {
            "name": "Pluto",
            "quality": "Mutable",
            "element": "Fire",
            "sign": "Sag",
            "sign_num": 8,
            "position": 22.22874793906152,
            "abs_pos": 262.2287479390615,
            "emoji": "♐️",
            "point_type": "Planet",
            "house": "Fourth_House",
            "retrograde": true
        },
        "ascendant": {
            "name": "Ascendant",
            "quality": "Mutable",
            "element": "Earth",
            "sign": "Vir",
            "sign_num": 5,
            "position": 0.7039610449979534,
            "abs_pos": 150.70396104499795,
            "emoji": "♍️",
            "point_type": "AxialCusps",
            "house": "First_House",
            "retrograde": false
        },
        "descendant": {
            "name": "Descendant",
            "quality": "Mutable",
            "element": "Water",
            "sign": "Pis",
            "sign_num": 11,
            "position": 0.7039610449979818,
            "abs_pos": 330.703961044998,
            "emoji": "♓️",
            "point_type": "AxialCusps",
            "house": "Seventh_House",
            "retrograde": false
        },
        "medium_coeli": {
            "name": "Medium_Coeli",
            "quality": "Mutable",
            "element": "Air",
            "sign": "Gem",
            "sign_num": 2,
            "position": 6.549366870676252,
            "abs_pos": 66.54936687067625,
            "emoji": "♊️",
            "point_type": "AxialCusps",
            "house": "Tenth_House",
            "retrograde": false
        },
        "imum_coeli": {
            "name": "Imum_Coeli",
            "quality": "Mutable",
            "element": "Fire",
            "sign": "Sag",
            "sign_num": 8,
            "position": 6.549366870676238,
            "abs_pos": 246.54936687067624,
            "emoji": "♐️",
            "point_type": "AxialCusps",
            "house": "Fourth_House",
            "retrograde": false
        },
        "chiron": {
            "name": "Chiron",
            "quality": "Cardinal",
            "element": "Earth",
            "sign": "Cap",
            "sign_num": 9,
            "position": 25.53192485703886,
            "abs_pos": 295.53192485703886,
            "emoji": "♑️",
            "point_type": "Planet",
            "house": "Fifth_House",
            "retrograde": false
        },
        "mean_lilith": {
            "name": "Mean_Lilith",
            "quality": "Mutable",
            "element": "Air",
            "sign": "Gem",
            "sign_num": 2,
            "position": 16.169879023534293,
            "abs_pos": 76.16987902353429,
            "emoji": "♊️",
            "point_type": "Planet",
            "house": "Tenth_House",
            "retrograde": false
        },
        "first_house": {
            "name": "First_House",
            "quality": "Mutable",
            "element": "Earth",
            "sign": "Vir",
            "sign_num": 5,
            "position": 0.7039610449979534,
            "abs_pos": 150.70396104499795,
            "emoji": "♍️",
            "point_type": "House",
            "house": null,
            "retrograde": null
        },
        "second_house": {
            "name": "Second_House",
            "quality": "Cardinal",
            "element": "Air",
            "sign": "Lib",
            "sign_num": 6,
            "position": 5.37873691075734,
            "abs_pos": 185.37873691075734,
            "emoji": "♎️",
            "point_type": "House",
            "house": null,
            "retrograde": null
        },
        "third_house": {
            "name": "Third_House",
            "quality": "Fixed",
            "element": "Water",
            "sign": "Sco",
            "sign_num": 7,
            "position": 7.876561216618029,
            "abs_pos": 217.87656121661803,
            "emoji": "♏️",
            "point_type": "House",
            "house": null,
            "retrograde": null
        },
        "fourth_house": {
            "name": "Fourth_House",
            "quality": "Mutable",
            "element": "Fire",
            "sign": "Sag",
            "sign_num": 8,
            "position": 6.549366870676238,
            "abs_pos": 246.54936687067624,
            "emoji": "♐️",
            "point_type": "House",
            "house": null,
            "retrograde": null
        },
        "fifth_house": {
            "name": "Fifth_House",
            "quality": "Cardinal",
            "element": "Earth",
            "sign": "Cap",
            "sign_num": 9,
            "position": 3.0173461704322904,
            "abs_pos": 273.0173461704323,
            "emoji": "♑️",
            "point_type": "House",
            "house": null,
            "retrograde": null
        },
        "sixth_house": {
            "name": "Sixth_House",
            "quality": "Fixed",
            "element": "Air",
            "sign": "Aqu",
            "sign_num": 10,
            "position": 0.12718720829138874,
            "abs_pos": 300.1271872082914,
            "emoji": "♒️",
            "point_type": "House",
            "house": null,
            "retrograde": null
        },
        "seventh_house": {
            "name": "Seventh_House",
            "quality": "Mutable",
            "element": "Water",
            "sign": "Pis",
            "sign_num": 11,
            "position": 0.7039610449979818,
            "abs_pos": 330.703961044998,
            "emoji": "♓️",
            "point_type": "House",
            "house": null,
            "retrograde": null
        },
        "eighth_house": {
            "name": "Eighth_House",
            "quality": "Cardinal",
            "element": "Fire",
            "sign": "Ari",
            "sign_num": 0,
            "position": 5.378736910757311,
            "abs_pos": 5.378736910757311,
            "emoji": "♈️",
            "point_type": "House",
            "house": null,
            "retrograde": null
        },
        "ninth_house": {
            "name": "Ninth_House",
            "quality": "Fixed",
            "element": "Earth",
            "sign": "Tau",
            "sign_num": 1,
            "position": 7.876561216618029,
            "abs_pos": 37.87656121661803,
            "emoji": "♉️",
            "point_type": "House",
            "house": null,
            "retrograde": null
        },
        "tenth_house": {
            "name": "Tenth_House",
            "quality": "Mutable",
            "element": "Air",
            "sign": "Gem",
            "sign_num": 2,
            "position": 6.549366870676252,
            "abs_pos": 66.54936687067625,
            "emoji": "♊️",
            "point_type": "House",
            "house": null,
            "retrograde": null
        },
        "eleventh_house": {
            "name": "Eleventh_House",
            "quality": "Cardinal",
            "element": "Water",
            "sign": "Can",
            "sign_num": 3,
            "position": 3.0173461704322904,
            "abs_pos": 93.01734617043229,
            "emoji": "♋️",
            "point_type": "House",
            "house": null,
            "retrograde": null
        },
        "twelfth_house": {
            "name": "Twelfth_House",
            "quality": "Fixed",
            "element": "Fire",
            "sign": "Leo",
            "sign_num": 4,
            "position": 0.12718720829141716,
            "abs_pos": 120.12718720829142,
            "emoji": "♌️",
            "point_type": "House",
            "house": null,
            "retrograde": null
        },
        "mean_node": {
            "name": "Mean_Node",
            "quality": "Fixed",
            "element": "Earth",
            "sign": "Tau",
            "sign_num": 1,
            "position": 12.843780257730714,
            "abs_pos": 42.843780257730714,
            "emoji": "♉️",
            "point_type": "Planet",
            "house": "Ninth_House",
            "retrograde": true
        },
        "true_node": {
            "name": "True_Node",
            "quality": "Fixed",
            "element": "Earth",
            "sign": "Tau",
            "sign_num": 1,
            "position": 11.579013620425663,
            "abs_pos": 41.57901362042566,
            "emoji": "♉️",
            "point_type": "Planet",
            "house": "Ninth_House",
            "retrograde": true
        },
        "mean_south_node": {
            "name": "Mean_South_Node",
            "quality": "Fixed",
            "element": "Water",
            "sign": "Sco",
            "sign_num": 7,
            "position": 12.843780257730714,
            "abs_pos": 222.8437802577307,
            "emoji": "♏️",
            "point_type": "Planet",
            "house": "Third_House",
            "retrograde": true
        },
        "true_south_node": {
            "name": "True_South_Node",
            "quality": "Fixed",
            "element": "Water",
            "sign": "Sco",
            "sign_num": 7,
            "position": 11.579013620425656,
            "abs_pos": 221.57901362042566,
            "emoji": "♏️",
            "point_type": "Planet",
            "house": "Third_House",
            "retrograde": true
        },
        "planets_names_list": [
            "Sun",
            "Moon",
            "Mercury",
            "Venus",
            "Mars",
            "Jupiter",
            "Saturn",
            "Uranus",
            "Neptune",
            "Pluto",
            "Mean_Node",
            "True_Node",
            "Mean_South_Node",
            "True_South_Node",
            "Chiron",
            "Mean_Lilith"
        ],
        "axial_cusps_names_list": [
            "Ascendant",
            "Descendant",
            "Medium_Coeli",
            "Imum_Coeli"
        ],
        
        "lunar_phase": {
            "degrees_between_s_m": 132.8889757235171,
            "moon_phase": 11,
            "sun_phase": 10,
            "moon_emoji": "🌔",
            "moon_phase_name": "Waxing Gibbous"
        }
    },
    "aspects": [
        {
            "p1_name": "Sun",
            "p1_owner": "alvaro",
            "p1_abs_pos": 12.342856427648483,
            "p2_name": "Mars",
            "p2_owner": "alvaro",
            "p2_abs_pos": 67.31813901590408,
            "aspect": "sextile",
            "orbit": -5.024717411744405,
            "aspect_degrees": 60,
            "diff": 54.975282588255595,
            "p1": 0,
            "p2": 4
        },
        {
            "p1_name": "Sun",
            "p1_owner": "alvaro",
            "p1_abs_pos": 12.342856427648483,
            "p2_name": "Neptune",
            "p2_owner": "alvaro",
            "p2_abs_pos": 314.8326817690995,
            "aspect": "sextile",
            "orbit": -2.4898253414510236,
            "aspect_degrees": 60,
            "diff": 302.489825341451,
            "p1": 0,
            "p2": 8
        },
        {
            "p1_name": "Sun",
            "p1_owner": "alvaro",
            "p1_abs_pos": 12.342856427648483,
            "p2_name": "Mean_Lilith",
            "p2_owner": "alvaro",
            "p2_abs_pos": 76.16987902353429,
            "aspect": "sextile",
            "orbit": 3.8270225958858077,
            "aspect_degrees": 60,
            "diff": 63.82702259588581,
            "p1": 0,
            "p2": 17
        },
        {
            "p1_name": "Moon",
            "p1_owner": "alvaro",
            "p1_abs_pos": 145.23183215116558,
            "p2_name": "Mercury",
            "p2_owner": "alvaro",
            "p2_abs_pos": 30.411812980550366,
            "aspect": "trine",
            "orbit": -5.179980829384789,
            "aspect_degrees": 120,
            "diff": 114.82001917061521,
            "p1": 1,
            "p2": 2
        },
        {
            "p1_name": "Moon",
            "p1_owner": "alvaro",
            "p1_abs_pos": 145.23183215116558,
            "p2_name": "Venus",
            "p2_owner": "alvaro",
            "p2_abs_pos": 58.216828959302994,
            "aspect": "square",
            "orbit": -2.9849968081374243,
            "aspect_degrees": 90,
            "diff": 87.01500319186258,
            "p1": 1,
            "p2": 3
        },
        {
            "p1_name": "Moon",
            "p1_owner": "alvaro",
            "p1_abs_pos": 145.23183215116558,
            "p2_name": "Uranus",
            "p2_owner": "alvaro",
            "p2_abs_pos": 334.9481543798344,
            "aspect": "opposition",
            "orbit": -9.716322228668844,
            "aspect_degrees": 180,
            "diff": 189.71632222866884,
            "p1": 1,
            "p2": 7
        },
        {
            "p1_name": "Moon",
            "p1_owner": "alvaro",
            "p1_abs_pos": 145.23183215116558,
            "p2_name": "Pluto",
            "p2_owner": "alvaro",
            "p2_abs_pos": 262.2287479390615,
            "aspect": "trine",
            "orbit": -3.0030842121040564,
            "aspect_degrees": 120,
            "diff": 116.99691578789594,
            "p1": 1,
            "p2": 9
        },
        {
            "p1_name": "Mercury",
            "p1_owner": "alvaro",
            "p1_abs_pos": 30.411812980550366,
            "p2_name": "Saturn",
            "p2_owner": "alvaro",
            "p2_abs_pos": 96.8647396093011,
            "aspect": "sextile",
            "orbit": 6.452926628750731,
            "aspect_degrees": 60,
            "diff": 66.45292662875073,
            "p1": 2,
            "p2": 6
        },
        {
            "p1_name": "Mercury",
            "p1_owner": "alvaro",
            "p1_abs_pos": 30.411812980550366,
            "p2_name": "Uranus",
            "p2_owner": "alvaro",
            "p2_abs_pos": 334.9481543798344,
            "aspect": "sextile",
            "orbit": -4.536341399284083,
            "aspect_degrees": 60,
            "diff": 304.5363413992841,
            "p1": 2,
            "p2": 7
        },
        {
            "p1_name": "Mercury",
            "p1_owner": "alvaro",
            "p1_abs_pos": 30.411812980550366,
            "p2_name": "Pluto",
            "p2_owner": "alvaro",
            "p2_abs_pos": 262.2287479390615,
            "aspect": "trine",
            "orbit": 8.183065041488845,
            "aspect_degrees": 120,
            "diff": 231.81693495851115,
            "p1": 2,
            "p2": 9
        },
        {
            "p1_name": "Mercury",
            "p1_owner": "alvaro",
            "p1_abs_pos": 30.411812980550366,
            "p2_name": "Chiron",
            "p2_owner": "alvaro",
            "p2_abs_pos": 295.53192485703886,
            "aspect": "square",
            "orbit": 4.879888123511478,
            "aspect_degrees": 90,
            "diff": 265.1201118764885,
            "p1": 2,
            "p2": 12
        },
        {
            "p1_name": "Mercury",
            "p1_owner": "alvaro",
            "p1_abs_pos": 30.411812980550366,
            "p2_name": "Ascendant",
            "p2_owner": "alvaro",
            "p2_abs_pos": 150.70396104499795,
            "aspect": "trine",
            "orbit": 0.2921480644475878,
            "aspect_degrees": 120,
            "diff": 120.29214806444759,
            "p1": 2,
            "p2": 13
        },
        {
            "p1_name": "Venus",
            "p1_owner": "alvaro",
            "p1_abs_pos": 58.216828959302994,
            "p2_name": "Mars",
            "p2_owner": "alvaro",
            "p2_abs_pos": 67.31813901590408,
            "aspect": "conjunction",
            "orbit": 9.101310056601108,
            "aspect_degrees": 0,
            "diff": 9.101310056601086,
            "p1": 3,
            "p2": 4
        },
        {
            "p1_name": "Venus",
            "p1_owner": "alvaro",
            "p1_abs_pos": 58.216828959302994,
            "p2_name": "Chiron",
            "p2_owner": "alvaro",
            "p2_abs_pos": 295.53192485703886,
            "aspect": "trine",
            "orbit": 2.6849041022641416,
            "aspect_degrees": 120,
            "diff": 237.31509589773586,
            "p1": 3,
            "p2": 12
        },
        {
            "p1_name": "Mars",
            "p1_owner": "alvaro",
            "p1_abs_pos": 67.31813901590408,
            "p2_name": "Jupiter",
            "p2_owner": "alvaro",
            "p2_abs_pos": 160.5765583839502,
            "aspect": "square",
            "orbit": 3.258419368046134,
            "aspect_degrees": 90,
            "diff": 93.25841936804613,
            "p1": 4,
            "p2": 5
        },
        {
            "p1_name": "Mars",
            "p1_owner": "alvaro",
            "p1_abs_pos": 67.31813901590408,
            "p2_name": "Uranus",
            "p2_owner": "alvaro",
            "p2_abs_pos": 334.9481543798344,
            "aspect": "square",
            "orbit": 2.3699846360696597,
            "aspect_degrees": 90,
            "diff": 267.63001536393034,
            "p1": 4,
            "p2": 7
        },
        {
            "p1_name": "Mars",
            "p1_owner": "alvaro",
            "p1_abs_pos": 67.31813901590408,
            "p2_name": "Neptune",
            "p2_owner": "alvaro",
            "p2_abs_pos": 314.8326817690995,
            "aspect": "trine",
            "orbit": -7.514542753195428,
            "aspect_degrees": 120,
            "diff": 247.51454275319543,
            "p1": 4,
            "p2": 8
        },
        {
            "p1_name": "Mars",
            "p1_owner": "alvaro",
            "p1_abs_pos": 67.31813901590408,
            "p2_name": "Medium_Coeli",
            "p2_owner": "alvaro",
            "p2_abs_pos": 66.54936687067625,
            "aspect": "conjunction",
            "orbit": 0.7687721452278282,
            "aspect_degrees": 0,
            "diff": 0.7687721452278282,
            "p1": 4,
            "p2": 14
        },
        {
            "p1_name": "Mars",
            "p1_owner": "alvaro",
            "p1_abs_pos": 67.31813901590408,
            "p2_name": "Mean_Lilith",
            "p2_owner": "alvaro",
            "p2_abs_pos": 76.16987902353429,
            "aspect": "conjunction",
            "orbit": 8.851740007630212,
            "aspect_degrees": 0,
            "diff": 8.851740007630212,
            "p1": 4,
            "p2": 17
        },
        {
            "p1_name": "Jupiter",
            "p1_owner": "alvaro",
            "p1_abs_pos": 160.5765583839502,
            "p2_name": "Saturn",
            "p2_owner": "alvaro",
            "p2_abs_pos": 96.8647396093011,
            "aspect": "sextile",
            "orbit": 3.7118187746491174,
            "aspect_degrees": 60,
            "diff": 63.71181877464912,
            "p1": 5,
            "p2": 6
        },
        {
            "p1_name": "Jupiter",
            "p1_owner": "alvaro",
            "p1_abs_pos": 160.5765583839502,
            "p2_name": "Uranus",
            "p2_owner": "alvaro",
            "p2_abs_pos": 334.9481543798344,
            "aspect": "opposition",
            "orbit": -5.628404004115794,
            "aspect_degrees": 180,
            "diff": 174.3715959958842,
            "p1": 5,
            "p2": 7
        },
        {
            "p1_name": "Jupiter",
            "p1_owner": "alvaro",
            "p1_abs_pos": 160.5765583839502,
            "p2_name": "Mean_Node",
            "p2_owner": "alvaro",
            "p2_abs_pos": 42.843780257730714,
            "aspect": "trine",
            "orbit": -2.2672218737804997,
            "aspect_degrees": 120,
            "diff": 117.7327781262195,
            "p1": 5,
            "p2": 10
        },
        {
            "p1_name": "Jupiter",
            "p1_owner": "alvaro",
            "p1_abs_pos": 160.5765583839502,
            "p2_name": "Mean_South_Node",
            "p2_owner": "alvaro",
            "p2_abs_pos": 222.8437802577307,
            "aspect": "sextile",
            "orbit": 2.2672218737804997,
            "aspect_degrees": 60,
            "diff": 62.2672218737805,
            "p1": 5,
            "p2": 18
        },
        {
            "p1_name": "Saturn",
            "p1_owner": "alvaro",
            "p1_abs_pos": 96.8647396093011,
            "p2_name": "Uranus",
            "p2_owner": "alvaro",
            "p2_abs_pos": 334.9481543798344,
            "aspect": "trine",
            "orbit": 1.9165852294666763,
            "aspect_degrees": 120,
            "diff": 238.08341477053332,
            "p1": 6,
            "p2": 7
        },
        {
            "p1_name": "Saturn",
            "p1_owner": "alvaro",
            "p1_abs_pos": 96.8647396093011,
            "p2_name": "Mean_Node",
            "p2_owner": "alvaro",
            "p2_abs_pos": 42.843780257730714,
            "aspect": "sextile",
            "orbit": -5.979040648429617,
            "aspect_degrees": 60,
            "diff": 54.02095935157038,
            "p1": 6,
            "p2": 10
        },
        {
            "p1_name": "Saturn",
            "p1_owner": "alvaro",
            "p1_abs_pos": 96.8647396093011,
            "p2_name": "Mean_South_Node",
            "p2_owner": "alvaro",
            "p2_abs_pos": 222.8437802577307,
            "aspect": "trine",
            "orbit": 5.979040648429617,
            "aspect_degrees": 120,
            "diff": 125.97904064842962,
            "p1": 6,
            "p2": 18
        },
        {
            "p1_name": "Uranus",
            "p1_owner": "alvaro",
            "p1_abs_pos": 334.9481543798344,
            "p2_name": "Pluto",
            "p2_owner": "alvaro",
            "p2_abs_pos": 262.2287479390615,
            "aspect": "quintile",
            "orbit": 0.7194064407729002,
            "aspect_degrees": 72,
            "diff": 72.7194064407729,
            "p1": 7,
            "p2": 9
        },
        {
            "p1_name": "Uranus",
            "p1_owner": "alvaro",
            "p1_abs_pos": 334.9481543798344,
            "p2_name": "Mean_South_Node",
            "p2_owner": "alvaro",
            "p2_abs_pos": 222.8437802577307,
            "aspect": "trine",
            "orbit": -7.895625877896293,
            "aspect_degrees": 120,
            "diff": 112.1043741221037,
            "p1": 7,
            "p2": 18
        },
        {
            "p1_name": "Neptune",
            "p1_owner": "alvaro",
            "p1_abs_pos": 314.8326817690995,
            "p2_name": "Mean_Node",
            "p2_owner": "alvaro",
            "p2_abs_pos": 42.843780257730714,
            "aspect": "square",
            "orbit": -1.9889015113687947,
            "aspect_degrees": 90,
            "diff": 271.9889015113688,
            "p1": 8,
            "p2": 10
        },
        {
            "p1_name": "Neptune",
            "p1_owner": "alvaro",
            "p1_abs_pos": 314.8326817690995,
            "p2_name": "Mean_Lilith",
            "p2_owner": "alvaro",
            "p2_abs_pos": 76.16987902353429,
            "aspect": "trine",
            "orbit": 1.337197254434784,
            "aspect_degrees": 120,
            "diff": 238.66280274556522,
            "p1": 8,
            "p2": 17
        },
        {
            "p1_name": "Neptune",
            "p1_owner": "alvaro",
            "p1_abs_pos": 314.8326817690995,
            "p2_name": "Mean_South_Node",
            "p2_owner": "alvaro",
            "p2_abs_pos": 222.8437802577307,
            "aspect": "square",
            "orbit": 1.9889015113687947,
            "aspect_degrees": 90,
            "diff": 91.9889015113688,
            "p1": 8,
            "p2": 18
        },
        {
            "p1_name": "Pluto",
            "p1_owner": "alvaro",
            "p1_abs_pos": 262.2287479390615,
            "p2_name": "Mean_Lilith",
            "p2_owner": "alvaro",
            "p2_abs_pos": 76.16987902353429,
            "aspect": "opposition",
            "orbit": -6.058868915527228,
            "aspect_degrees": 180,
            "diff": 186.05886891552723,
            "p1": 9,
            "p2": 17
        },
        {
            "p1_name": "Chiron",
            "p1_owner": "alvaro",
            "p1_abs_pos": 295.53192485703886,
            "p2_name": "Mean_South_Node",
            "p2_owner": "alvaro",
            "p2_abs_pos": 222.8437802577307,
            "aspect": "quintile",
            "orbit": 0.6881445993081456,
            "aspect_degrees": 72,
            "diff": 72.68814459930815,
            "p1": 12,
            "p2": 18
        },
        {
            "p1_name": "Ascendant",
            "p1_owner": "alvaro",
            "p1_abs_pos": 150.70396104499795,
            "p2_name": "Mean_South_Node",
            "p2_owner": "alvaro",
            "p2_abs_pos": 222.8437802577307,
            "aspect": "quintile",
            "orbit": 0.139819212732732,
            "aspect_degrees": 72,
            "diff": 72.13981921273276,
            "p1": 13,
            "p2": 18
        }
    ]
}